Question,Answer,meta
How many blondes does it take to screw in a lightbulb?,5 1 to hold the bulb and 4 to spin the ladder.,"type:tradlightbulb,"
How many cops does it take to change a light bulb?,They don't.  They just beat the room for being black.,"type:tradlightbulb,"
How many clickbait articles does it take to change a lightbulb?,The answer may shock you.,"type:tradlightbulb,"
How many black live matters protester does it take to screw in a light bulb?,no one knows it was too dark to see them.,"type:tradlightbulb,"
How many eye doctors does it take to change a lightbulb?,"One, or two? One, or two? ","type:tradlightbulb,"
How many communists does it take to change a light bulb?,"Two. One guy to screw in the light bulb, and the other guy to shoot him if he doesn't do it right.","type:tradlightbulb,"
How many stockholders does it take to change a lightbulb?,"Two. One to take out the bulb and drop it, and the other to try and sell it before it crashes.","type:tradlightbulb,"
How many programmers does it take to change a light bulb?,None. That's a hardware problem.,"type:tradlightbulb,"
How many Trump supporters does it take to change a lightbulb?,"Look, we can change the lightbulb. That I will tell you. We're changing it, ok? And I understand what you're saying, I hear it all the time. People call me and say ""Is the lightbulb really dead?"". Thats what they are asking me, its unbelievable. The lightbulb is in big trouble, that I can tell you. But we are going to change it. ","type:tradlightbulb,"
How many suh dudes does it take to screw in a lightbulb?,"None 'cause it's already lit, fam. ","type:tradlightbulb,"
How many r/jokes redditors does it take to change a lightbulb?,"Answer is 2. One to change the lightbulb while the other screams ""REPOST""","type:tradlightbulb,"
How many feminists does it take to change a lightbulb?,"Don't be silly, feminists can't change anything!","type:tradlightbulb,"
How many Gordon Ramseys does it take to change a lightbulb?,"None, he lets the knives do the work ","type:tradlightbulb,"
How many police officers does it take to screw in a lightbulb?,"None. They just beat the room, because it's black.","type:tradlightbulb,"
How many Mexicans does it take to change a lightbulb in Texas?,They can't. There's a wall.,"type:tradlightbulb,"
How many isolationists does it take to screw in a lightbulb?,"None, they prefer to live in the dark. ","type:tradlightbulb,"
How many feminists does it take to change a light bulb?,"6  3 to change the bulb, 2 to explain why men have always done it wrong and 1 on her period.","type:tradlightbulb,"
How many Jews does it take to screw in a lightbulb?,"Not sure, but that is definitely the smell of burning flesh. ","type:tradlightbulb,"
How many Freudian psychologists does it take to screw in a light bulb?,"2:  One to screw in the bulb, and one to hold the penis... LADDER, I MEAN LADDER!","type:tradlightbulb,"
"How many ""suh dudes"" does it take to screw in a light bulb?",None. It's already lit fam.,"type:tradlightbulb,"
How many cops does it take to change a lightbulb?,None. They'll just beat the room for being black,"type:tradlightbulb,"
How many buddhists does it take to screw in a lightbulb?,"None, they enlighten themselves.","type:tradlightbulb,"
How many optometrists does it take to change a lightbulb?,One? Or two?,"type:tradlightbulb,"
How many children does it take to change a lightbulb?,I don't need a lightbulb when I have the furnace ready.,"type:tradlightbulb,"
How many flies does it take to screw in a lightbulb?,"Just two, how did they get in there anyway?","type:tradlightbulb,"
How many Mexicans does it take to screw in a lightbulb?,Just Juan ,"type:tradlightbulb,"
How many bronze players do you need to change a lightbulb?,None. They can't climb the ladder. ,"type:tradlightbulb,"
How many Trump supporters does t take to change a light bulb?,"None, they'll just make the Mexicans do it. ","type:tradlightbulb,"
How many Anti-Vaxxers does it take to screw in a light bulb?,"As a mother, I choose not to screw it in. Light bulbs are dangerous weapons created by the Soviet Union, and I will not screw it in; it could severely hurt my child. As everyone knows, light bulbs are the principle source of autism in this world, and I have to take a stand on it.","type:tradlightbulb,"
How many people does it take to change a lightbulb in a monastery?,Nun.,"type:tradlightbulb,"
How many introverts does it take to screw in a lightbulb?,Why does it have to be a group activity?,"type:tradlightbulb,"
How many babysitters does it take to change a light bulb?,Are you joking? They can't even change a dirty diaper!,"type:tradlightbulb,"
How many kidnapped children does it take to change a lightbulb?,The parents would love to know.,"type:tradlightbulb,"
How many ameobas does it take to screw in a lightbulb?,"One. No, two! No, four! No, eight! No, sixteen! No, thirty-two! ...","type:tradlightbulb,"
How many SJW's does it take to change a 90w lightbulb?,Did you just assume my wattage??? FLICKERED,"type:tradlightbulb,"
How many divorced men does it take to screw in a lightbulb?,"Who knows, they never get the house. ","type:tradlightbulb,"
How many American cops does it take to change a lightbulb?,"None, they just shoot the room for being black","type:tradlightbulb,"
How many Gentlesirs does it take to screw in a lightbulb?,"""Screw is such a harsh word, M'Lightbulb. I have too much respect for lamps to use it."" <Tips fedora>","type:tradlightbulb,"
How many 'Suh Dudes' does it take to change a lightbulb?,"None. Its already lit, fam.","type:tradlightbulb,"
How many chicken eggs does it take to screw in a lightbulb?,Literally dozens.,"type:tradlightbulb,"
"How many ""friend zoned"" guys does it take to change a lightbulb?","How many ""friend zoned"" guys does it take to change a light bulb? None. They just compliment it and get mad when it won't screw.","type:tradlightbulb,"
How many Friend Zoned guys does it take to change a light bulb?,None. They just compliment it and get mad when it won't screw.,"type:tradlightbulb,"
How many dead babies does it take to screw in a lightbulb?,"Apparently more than 40, because my basement's still dark","type:tradlightbulb,"
How many feminist does it take to change a light bulb?,None because feminist can't change anything.,"type:tradlightbulb,"
How many Reddit mods does it take to change a lightbulb?,"A substantial amount, you fucking morons. ","type:tradlightbulb,"
How many McDonalds workers does it take to change a lightbulb?,"None, because they can't climb the ladder.","type:tradlightbulb,"
How many Harvard students does it take to change a light bulb?,One. He holds it up and the world revolves around him.,"type:tradlightbulb,"
How many Donald Trumps does it take to change a lightbulb?,"One, he holds up the bulb and the world revolves around him ","type:tradlightbulb,"
How many Hillary supporters does it take to change a light bulb?,"None. cmon , they'd much rather be kept in the dark.","type:tradlightbulb,"
How many Amish guys does it take to screw in a lightbulb?,"One... I mean, they aren't fucking retarded. ","type:tradlightbulb,"
How many Mexicans does it take to change a lightbulb?,Juan ,"type:tradlightbulb,"
How many graduate students does it take to screw in a lightbulb?,"""I'm afraid we don't know, but make my stipend tax-free, give my advisor $30k in taxpayer's money, and I'm sure he can tell me how to do the gruntwork for him so he can take the credit for answering this incredibly vital question.""","type:tradlightbulb,"
How many tropical Birds Does it take to Screw in a Lightbulb?,"Well, turns out one is not enough, but if you pair it, two can.","type:tradlightbulb,"
How many Vietnam vets does it take to change a light bulb?,You don't know cause you weren't there,"type:tradlightbulb,"
How many Donald Trumps does it take to screw in a light bulb?,Just one to tell the three illegal immigrants he hired to do it.,"type:tradlightbulb,"
How many dead hookers does it take to replace a light bulb?,"At least more than eight, the light in my basement still doesn't work...","type:tradlightbulb,"
How many Vietnam veterans does it take to change a light bulb?,"You weren't there, man!","type:tradlightbulb,"
How Many Friendzoned Guys Does It Take To Change A Lightbulb?,"None, they'll just compliment it and get pissed when it won't screw.","type:tradlightbulb,"
How many Alzheimer's patients does it take to change a lightbulb?,To get to the other side.,"type:tradlightbulb,"
How many optometrists does it take to change a light bulb?,One..... Or two...,"type:tradlightbulb,"
How many Hillary Clinton fans does it take to screw in a lightbulb?,None. Hillary Clinton fans prefer to stay in the dark.,"type:tradlightbulb,"
How many stream cleaners does it take to change a lightbulb?,"Sorry, they can only change the floor essence. ","type:tradlightbulb,"
How many IT professionals does it take to change a lightbulb?,Have you tried turning it off and back on? ,"type:tradlightbulb,"
How many guys in the Friendzone does it take to screw in a lightbulb?,"None.  They just stand around complimenting it, and then get pissed when another guy screws it.","type:tradlightbulb,"
How many PETA members does it take to change a lightbulb?,None. They can't change anything.,"type:tradlightbulb,"
How many feminists does it take to screw in a light bulb?,None. They just hold it in the socket and expect the world to revolve around them.,"type:tradlightbulb,"
How many Pollyanna's does it take to change a lightbulb?,None. It's too dark.,"type:tradlightbulb,"
How many nice guys does it take to screw a lightbulb?,0 cause they'll compliment it then get pissed off when it won't screw,"type:tradlightbulb,"
How many non-binary gender-fluent people does it take to change an LED lightbulb?,DID YOU JUST ASSUME MY LIGHTBULB?,"type:tradlightbulb,"
How many Bros does it take to change a lightbulb?,None cuz it's already lit af,"type:tradlightbulb,"
How many hipsters does it take to screw in a lightbulb?,It's a really obscure number and you've probably never heard of it.,"type:tradlightbulb,"
How many software engineers does it take to change a light bulb?,"Can't be done, it's a hardware problem.","type:tradlightbulb,"
How many dead schoolgirls does it take to change a lightbulb?,Obviously more than four because my basement's still dark.,"type:tradlightbulb,"
How many psychiatrists does it take to change a light bulb?,"Only one, but the light bulb really has to want to change.","type:tradlightbulb,"
How many Libertarians does it take to screw in a lightbulb?,"If it's their lightbulb, none of your damn business.","type:tradlightbulb,"
How many data wranglers does it take to change a lightbulb?,"How many data wranglers does it take to change a lightbulb? Just one, but they need a backup.","type:tradlightbulb,"
How many computer programmers does it take to change a lightbulb?,"None, that's a hardware issue.","type:tradlightbulb,"
How many Californians does it take to screw in a lightbulb?,"Californians don't screw in lightbulbs, they screw in hot tubs.","type:tradlightbulb,"
How many Black Lives Matters protesters does it take to change a light bulb?,"Don't be silly, Black Lives Matters protesters can't change anything.","type:tradlightbulb,"
How many dead hookers does it take to change a lightbulb?,"Apparently more than 5, because my basement is still dark.","type:tradlightbulb,"
How many Feminists does it take to screw in a lightbulb?,"One. Men can be Feminists, too.","type:tradlightbulb,"
How many lightbulbs does it take to change a lightbulb ?,One,"type:tradlightbulb,"
How many dirty buggers does it take to change a light bulb?,Thirty.,"type:tradlightbulb,"
How many Germans does it take to change a light bulb?,One. They're efficient and don't have humour.,"type:tradlightbulb,"
How many senior medical consultants does it take to change a lightbulb?,Just one. He holds up the bulb and waits for the world to revolve around him.,"type:tradlightbulb,"
How many creationists does it take to screw in a lightbulb?,There's no such thing as a lightbulb.  How could such a thing appear fully formed.  It was put there by Satan to trick everyone.,"type:tradlightbulb,"
How many teachers does it take to change a lightbulb?,"None, that's what students are for.","type:tradlightbulb,"
How many IT guys does it take to change a light bulb?,"No IT guys change light bulbs, they just keep flicking the switch on and off again until something happens.","type:tradlightbulb,"
How many mexicans does it take to screw in a lightbulb?,Just Juan you racist bastard. The other twelve are sleeping on the floor.,"type:tradlightbulb,"
How many millennials does it take to screw in a light bulb?,"None, it's already lit fam.","type:tradlightbulb,"
How many pornstars does it take to screw in a lightbulb?,"Two, and a really big lightbulb.","type:tradlightbulb,"
How many rainbows does it take to change a lightbulb?,The white amount.,"type:tradlightbulb,"
How many Southern Baptists does it take to change a lightbulb?,.....change??,"type:tradlightbulb,"
"How many ""a man walks into a bar"" jokes does it take to change a lightbulb?","One, but you can be sure a whole Reddit community will appear to expand the joke, make it funnier and eventually run it into the ground.","type:tradlightbulb,"
How many hippies does it take to screw in a lightbulb?,Hippies don't screw in lightbulbs they screw in dirty sleeping bags. ,"type:tradlightbulb,"
How many Californians does it take to screw in a light bulb?,"Californians don't screw in light bulbs, they screw in hot tubs and infinity pools.","type:tradlightbulb,"
How many Republicans does it take to change a light bulb?,"Three. One to pay a Mexican to do it, two to deport him afterwards.","type:tradlightbulb,"
How many Suh Dudes does it take to screw in a light bulb?,None. It's already lit fam. ,"type:tradlightbulb,"
How many South Americans does it take to change a lightbulb?,A Brazilian.,"type:tradlightbulb,"
How many Alzheimer's patients does it take to change a light bulb?,To get to the other side.,"type:tradlightbulb,"
How many surrealists does it take to screw in a light bulb?,Fish,"type:tradlightbulb,"
How many indie kids does it take to change a lightbulb?,none because There is A Light That Never Goes Out.,"type:tradlightbulb,"
How many super saiyans does it take to change a light bulb?,"Find out next time, on Dragon Ball Z!","type:tradlightbulb,"
How many Kardashians does it take to change a lightbulb?,Only one as the rest of the world simply MUST revolve around them...,"type:tradlightbulb,"
How many Freudians does it take to change a light bulb?,Well one to screw in the bulb and other to holds the cock... father! LADDER!,"type:tradlightbulb,"
How many Greek Catholic monks does it take to screw in a lightbulb?,a Basilian.,"type:tradlightbulb,"
How many graphic designers does it take to change a light bulb?,Does it have to be a light bulb? 'Cause I had this other idea...,"type:tradlightbulb,"
"How many ""friend-zoned"" guys does it take to change a lightbulb?","None, they just compliment it and get mad when it won't screw.","type:tradlightbulb,"
How many dead prostitutes does it take to change a lightbulb?,One. Just because she's dead doesn't mean she can't still screw.,"type:tradlightbulb,"
How many Deadheads does it take to change a lightbulb?,"None, they just watch it burn out and follow it around for 30 years.","type:tradlightbulb,"
How many redditors does it take to change a light bulb.?,Three. One to screw it in and the second to take credit for it. And the other to repeat it.,"type:tradlightbulb,"
How many virgins does take to change a lightbulb?,"Obviously more than 72, or all those suicide bomber would have seen the light.","type:tradlightbulb,"
How many redditors does it take to change a light bulb?,Two. One to screw it in and one to take credit for it. ,"type:tradlightbulb,"
How many surrealists does it take to screw in a lightbulb?,Fish.,"type:tradlightbulb,"
How many reposters does it take to change a lightbulb?,"Just one, but they have to steal it first.","type:tradlightbulb,"
How many cops does it take the screw in a lightbulb?,The same number it takes to screw public confidence in law enforcement,"type:tradlightbulb,"
How many cops does it take to screw in a lightbulb?,"None, they just shoot the room for being black.","type:tradlightbulb,"
How many Pokémon does it take to change a light bulb?,"Not sure, gotta catch them all first!","type:tradlightbulb,"
"How many ""suh dudes"" does it take to turn on a light bulb?","None, it's already lit fam haha suh dude.","type:tradlightbulb,"
How many Freudian psychologists does it take to change a light bulb?,Two. One to hold the ladder and one to screw your mother - I mean light bulb!,"type:tradlightbulb,"
How many teenagers does it take to screw in a lightbulb?,None because it's already lit fam  ,"type:tradlightbulb,"
How many clergymen does it take to screw a lightbulb?,Amen.,"type:tradlightbulb,"
How many frat boys does it take to screw in a light bulb?,"Let's count. One to try to turn it on. When that fails, another to go look for a replacement lying around the house. One to do the screwing. And then at least a couple more to watch and snap photos while it's happening.   The light bulb joke is a metaphor for campus rape. It relies on a common and vicious stereotype of fraternities, who we all know are the true victims here.","type:tradlightbulb,"
How many boring guys does it take to screw in a light bulb?,One,"type:tradlightbulb,"
How many mods does it take to screw in a light bulb?,[removed],"type:tradlightbulb,"
How many twists does a feminist need to screw in a light bulb?,None. They just grab it and the world to revolve around them.,"type:tradlightbulb,"
How many liberals does it take to screw in a lightbulb?,None. Bush did it.,"type:tradlightbulb,"
How many Hillary Clintons does it take to screw in a lightbulb?,"Three - One to screw it in, one to say we don't need to screw it in, and one to say we do need to screw it in.","type:tradlightbulb,"
How many Hitlers does it take to change a light bulb?,Nein,"type:tradlightbulb,"
How many surrealists does it take to change a light bulb?,Salmon,"type:tradlightbulb,"
How many pollsters does it take to change a light bulb?,"One, plus or minus one.","type:tradlightbulb,"
How many Bernie supporters does it take to screw in a lightbulb?,"One to hold the lightbulb, and the rest of the world to revolve around them","type:tradlightbulb,"
How many kids with A.D.D does it take to screw in a light bulb?,let's go ride bikes.,"type:tradlightbulb,"
How many servers does it take to screw in a light bulb?,"That's not my side work! How many cooks does it take to screw in a lightbulb? Fuck that, 86 light bulbs!","type:tradlightbulb,"
How many Fat Acceptance Movement activists does it take to change a light bulb?,"You don't need to change your bulb. Light or heavy, you are beautiful and worthy of acceptance. ","type:tradlightbulb,"
How many /r/news mods does it take to screw in a lightbulb?,None. They like to keep their subscribers in the dark.,"type:tradlightbulb,"
How many blondes does it take to screw in a light bulb?,Three. One to hold the light bulb do and two to spin the chair,"type:tradlightbulb,"
How many Apple employees does it take to screw in a light bulb?,"A lot, apparently.  Have you seen their new building?","type:tradlightbulb,"
How many sound technicians does it take to screw in a lightbulb?,"One....Two...One, Two...","type:tradlightbulb,"
How many suh dudes does it take to change a light bulb?,"None, its already lit fam!","type:tradlightbulb,"
How many Suh Dude's does it take to change a lightbulb?,None it's already lit fam suh,"type:tradlightbulb,"
How many Morgan Freemans does it take to screw in a light bulb?,2 because 1 of them have to narrate.,"type:tradlightbulb,"
How many optometrists does it take to change a lightbulb? One or two?,One.. ..Or two?,"type:tradlightbulb,"
How many Vietnam vets does it take to screw in a lightbulb?,"YOU'LL NEVER KNOW!! YOU WEREN'T THERE, MAN!!","type:tradlightbulb,"
How many dead hookers does it take to change a light bulb?,Apparently not three.  It's still dark in my basement.  ,"type:tradlightbulb,"
How many trannies does it take to change a light bulb?,"None, it's perfectly happy being broken, it's the fitting that has to change.","type:tradlightbulb,"
How many Irishmen does it take to screw in a lightbulb?,"17, 1 to hold the lightbulb, 1 to hold the ladder and the other 15 to drink whiskey until the roof spins","type:tradlightbulb,"
How many 'sah dudes does it take to screw in a light bulb?,"None, it's already lit.","type:tradlightbulb,"
How many Dragonball characters does it take to change a lightbulb?,"Just one, but it takes him 20 episodes.","type:tradlightbulb,"
How many Hal 9000 computer systems does it take to change a lightbulb?,"""I'm sorry, but I'm afraid I cannot do that""","type:tradlightbulb,"
How many surrealists does it take to change a lightbulb?,A fish,"type:tradlightbulb,"
How many kids with ADHD does it take to change a light bulb?,Let’s go play on our bikes.,"type:tradlightbulb,"
How many vegans does it take to change a light bulb?,Two. One to get up on his high horse and another to chastise the first about oppressing horses.,"type:tradlightbulb,"
How many Redditors does it take to change a light bulb?,1000 One to change it and 999 to walk into the same room and change the same light bulb without checking to see if it needed changing first.,"type:tradlightbulb,"
How many immigrants does donald trump need to change a lightbulb?,None because no juan will be left to change it,"type:tradlightbulb,"
How many TSA agents does it take to change a lightbulb?,None. TSA agents only know how to remove clothes,"type:tradlightbulb,"
How many Suhhh Dudes does it take to screw in a lightbulb?,"None, it's already lit fam","type:tradlightbulb,"
How many psychologists does it take to change a lightbulb?,"One, but the lightbulb has to WANT to change.","type:tradlightbulb,"
"How many ""friend zoned"" guys does it take to change a light bulb?",None. They just compliment it and get mad when it won't screw.,"type:tradlightbulb,"
How many nuclear war survivors does it take to change a lightbulb?,None. People who glow in the dark don't need lightbulbs.,"type:tradlightbulb,"
How many Redditors does it take to change a lightbulb?,About 8000,"type:tradlightbulb,"
How many lawyers does it take to change a light bulb?,"Three, one to climb the ladder,  one to shake it, and one to sue the ladder company.","type:tradlightbulb,"
How many girlfriends does it take to change a light bulb?,It has to change for itself.,"type:tradlightbulb,"
How many activists does it take to screw in a lightbulb?,"None, because they can't change anything.","type:tradlightbulb,"
How many religious women does it take to screw in a lightbulb?,Nun.,"type:tradlightbulb,"
How many therapists does it take to change a lightbulb?,"None, Change has to come from WITHIN!","type:tradlightbulb,"
How many dead babies does it take to change a light bulb?,Apparently not 8,"type:tradlightbulb,"
How many Hillary Clinton supporters does it take to change a lightbulb?,None. They prefer to be left in the dark.,"type:tradlightbulb,"
How many South Americans does it take to change a light bulb?,A Brazilian.,"type:tradlightbulb,"
How many flies does it take to screw in a light bulb?,Two! But don't ask me how they got inside there.,"type:tradlightbulb,"
How many optometrists does it take to screw in a light bulb?,One? Or two? One? .... Or two? ,"type:tradlightbulb,"
How many software developers does it take to fix a light bulb?,"none, its a hardware issue.","type:tradlightbulb,"
How many Jersey girls does it take to screw in a light bulb?,One. They'll screw anything,"type:tradlightbulb,"
How many muslims does it take to screw in a lightbulb?,Sorry comments are unavailable on this joke.,"type:tradlightbulb,"
How many stoners does it take to screw in a lightbulb?,"I don't know, I just set the bulb down somewhere, now I can't find it. Where the hell did the bulb go?","type:tradlightbulb,"
How many dead hookers does it take to screw in a light bulb?,"I don't know, but it's not five, because my basement is still dark. ","type:tradlightbulb,"
How many freudian psychologists does it take to screw in a light bulb?,Two.  One two scre—   I said   in the bulb and one to hold the peni—   it's a ,"type:tradlightbulb,"
How many police officers does it take to screw in a light bulb?,"None, they would just beat the room for being dark.","type:tradlightbulb,"
How many Sandpeople does it take to screw in a lightbulb?,You never can tell. The Sandpeople always ride in single file to hide their numbers.,"type:tradlightbulb,"
How many dead memes does it take to change a light bulb?,Over 9000.,"type:tradlightbulb,"
How Many Business Analysts Does It Take To Change A Light Bulb?,None. The light bulb shall never burn out.,"type:tradlightbulb,"
How many heretics does it take to change a lightbulb?,"We're not sure, they've yet to see the light.","type:tradlightbulb,"
How many feminists does it take to screw in a lightbulb?,That's not funny.,"type:tradlightbulb,"
How many children does it take to change a light bulb in America?,About 1 thousand Iraqis.,"type:tradlightbulb,"
How many mitochondria does it take to screw in a lightbulb?,"None, they're the powerhouse of the cell. ","type:tradlightbulb,"
How many fuck boys does it take to change a light bulb?,"None, cause its already lit as fuck fam.  ","type:tradlightbulb,"
How many vegans does it take to screw in a light bulb?,"Oh don't worry, they'll let you know.","type:tradlightbulb,"
How many zen buddists does it take to screw in a light bulb?,One and not one.,"type:tradlightbulb,"
How many blondes does it take to screw a light bulb??,Just 1...blondes will screw anything.,"type:tradlightbulb,"
How many pepes does it take to change a lightbulb?,One.,"type:tradlightbulb,"
How many programmers does it take to change a lightbulb?,Zero.,"type:tradlightbulb,"
How many Mexicans does it take to screw in a light bulb?,Just Juan.,"type:tradlightbulb,"
How many Freudians does it take to screw in a lightbulb?,"Two, exactly. One to hold your penis and one to turn the lightbulb. I mean,  .  I meant, one to hold the ladder and the other to turn your mother. The lightbulb. You know what I meant.","type:tradlightbulb,"
How many redditors are needed to screw a lightbulb?,As much people as is needed to screw that lightbulb.,"type:tradlightbulb,"
How many acrobats does it take to change a lightbulb?,"Two. One to change it and one to yell ""Ta-daa!"" when he's done.","type:tradlightbulb,"
How many Mexicans are needed to change a light bulb?,Juan.,"type:tradlightbulb,"
How many psychiatrists does it take to change a lightbulb?,"One, but only if the lightbulb really   to change.","type:tradlightbulb,"
How many A.D.D. kids does it take to change a light bulb?,Look a squirrel!,"type:tradlightbulb,"
How many mexicans does it take to change a lightbulb?,Only juan.,"type:tradlightbulb,"
How many hippies does it take to change a lightbulb?,Please help. There are ten so far and they have invited their gross friends to our home. They are using the broken lightbulb to smoke crack off of.,"type:tradlightbulb,"
Do you know how many feminists it takes to change a light bulb?,"One, you asshole.","type:tradlightbulb,"
How many Republicans does it take to screw in a light bulb?,"None, they're all screwed.","type:tradlightbulb,"
How many Super Saiyans does it take to change a light bulb?,Find out next time on DRAGON BALL Z KAI!,"type:tradlightbulb,"
How many donald trumps does it take to screw in a lightbulb?,Just one. He holds it up and the world revolves around him,"type:tradlightbulb,"
"How many African Americans ""by way of slave ships"" does it take to screw in a light bulb?",no less than 2. some one has to drive the pink cadilac,"type:tradlightbulb,"
How many 9 year olds does it take to change a lightbulb?,"Over 20, as my basement is still dark.","type:tradlightbulb,"
How many people does it take to screw in a lightbulb?,"Just two, but they'd have to be really small.","type:tradlightbulb,"
How many chauvinistic male pigs does it take to screw in a light bulb?,"None, let the bitch cook in the dark.","type:tradlightbulb,"
How many feminists does it take to screw a lightbulb?,One to screw it in and nine to write on their blogs about how enlightening the experiment was.,"type:tradlightbulb,"
How many white people does it take to screw in a light bulb?,All of them. One to hold the bulb and the rest to screw the world.,"type:tradlightbulb,"
How many optometrists does it take to change a light bulb ?,1 or 2 ? 1... or 2...,"type:tradlightbulb,"
How many mice does it take to screw in a lightbulb?,"Two, but you have to get them in there first.","type:tradlightbulb,"
How many Trump supporters does it take to change a light bulb?,None! The room's been dark ever since José got deported!,"type:tradlightbulb,"
How many psychologists does it take to change a light bulb?,"Only one, but the light bulb should be willing to change.","type:tradlightbulb,"
How many Germans does it take to screw in a light bulb?,NINE!,"type:tradlightbulb,"
How many US Congress members does it take to change a lightbulb?,Only one. They just hold it still and wait for the world to revolve around them.,"type:tradlightbulb,"
How many Ricks from TWD does it take to change a light bulb?,Carl gets shot in the face.,"type:tradlightbulb,"
How many people with OCD does it take to fix a lightbulb?,"Only one, but they have to turn it on and off 50 times before they're sure it's fixed.","type:tradlightbulb,"
How many dead hooker's in your basement does it take to change a light bulb?,"Well, it's not 4","type:tradlightbulb,"
How many feminist does it take to change a lightbulb?,"None, they don't change anything.","type:tradlightbulb,"
How many out of date redditers does it take to change a light bulb?,OVER 9000,"type:tradlightbulb,"
How many South American's does it take to screw in a lightbulb?,A Brazilian.,"type:tradlightbulb,"
How many women does it take to change a lightbulb?,I don't care. You pick,"type:tradlightbulb,"
"How many ""All Lives Matter"" protesters does it take to change a light bulb?","None, because they keep on asking why all of the other light bulbs in the house aren't being changed at the same time.","type:tradlightbulb,"
How many Chernobyl survivors does it take to screw in a lightbulb?,None. They already glow. ,"type:tradlightbulb,"
How many sovereign citizens does it take to change a lightbulb?,None. They're too afraid of the electricity.,"type:tradlightbulb,"
How many blondes does it take to change a lightbulb?,Need to know ASAP.,"type:tradlightbulb,"
How many Surrealists does it take to change a light bulb?,Fish.,"type:tradlightbulb,"
How many Germans does it take to change a lightbulb?,One. We are efficient and don't like humour.,"type:tradlightbulb,"
How many Mexicans does it take to change a light bulb?,Juan,"type:tradlightbulb,"
How many kids with ADD does it take to screw in a lightbulb?,Wanna go ride a bike?,"type:tradlightbulb,"
How many Americans does it take to change a light bulb?,"Just kidding, you can't change anything in the United States.","type:tradlightbulb,"
How many passive aggressive people does it take to change a light bulb?,"Don't bother, I'll do it myself.","type:tradlightbulb,"
How many Libertarians does it take to screw in a light bulb?,"""Does it even matter? We're all screwed anyway, man.""","type:tradlightbulb,"
How many redditors does it take to change a lightbulb?,"Six. One to actually change the lightbulb, one to post the joke to reddit, one to make a pun thread, one to make a better joke, one to call it a repost, and one to complain about people complaining about reposts.","type:tradlightbulb,"
How many Mennonites does it take to change a light bulb?,Seven - one to actually change the bulb and six to complain that they liked the old one better.,"type:tradlightbulb,"
How many metal heads does it take to change a light bulb?,None. Darkness foreverrrr!,"type:tradlightbulb,"
How many germans does it take to change a lightbulb?,"One, they are extremely efficient and they dont have any humor.","type:tradlightbulb,"
How many atheists does it take to change a lightbulb?,None. They don't believe in a higher power.,"type:tradlightbulb,"
How many American presidents does it take to change a broken lightbulb?,"None, broken lightbulbs have the rights to be treated as a normal lightbulb.","type:tradlightbulb,"
How many Grateful Dead fans does it take to screw in a lightbulb?,Trick question. Deadheads screw in sleeping bags.,"type:tradlightbulb,"
How many Grateful Dead fans does it take to change a lightbulb?,"They don't change it.  They just watch it burn out, then follow it around for another 15 years.","type:tradlightbulb,"
How many kids with ADHD does it take to screw in a lightbulb?,Wanna go ride bikes?,"type:tradlightbulb,"
How many cops do you need to change a light bulb?,None. They just shoot the room for being black.,"type:tradlightbulb,"
How many philosophers does it take to change a lightbulb?,Well it depends on what you mean by change.,"type:tradlightbulb,"
How many dead hookers do you need to replace a lightbulb?,Atleast not three since my basement is still dark.,"type:tradlightbulb,"
How many Mizzou students does it take to screw in a lightbulb?,""" ""","type:tradlightbulb,"
How many Retards does it take to change a lightbulb?,???????,"type:tradlightbulb,"
How many Northern Californians does it take to screw in a lightbulb?,Hella.,"type:tradlightbulb,"
How many SCPs does it take to screw in a lightbulb?,[DATA EXPUNGED],"type:tradlightbulb,"
How many Marines does it take to screw in a lightbulb?,"Fuck it, we'll drink in the dark.","type:tradlightbulb,"
How many IT people does it take to change a light bulb?,Do you have a ticket for that?,"type:tradlightbulb,"
How many chans does it take to change a lightbulb?,Lulz!!! etc etc etc :-D,"type:tradlightbulb,"
How many post-minimalists does it take to change a lightbulb?,Two. On e to he  lp with t he  he lp with  one two  with and the oth  there to  {}}}}}}}}}}}}}  and th e to two  with lp  he,"type:tradlightbulb,"
How many Chinese people does it take to screw in a lightbulb?,"One, while the rest were kung fu fighting","type:tradlightbulb,"
How many Irishmen does it take to screw in a light bulb?,"5. 1 to screw in the light bulb, and 4 to remark on how grand the old one was. ","type:tradlightbulb,"
How many physicists does it take to change a light bulb?,Two! one to change the light bulb and the other to rotate the universe!,"type:tradlightbulb,"
How many dead-heads does it take to change a lightbulb?,None.  They just let it burn out and follow it around for twenty years.,"type:tradlightbulb,"
How many buddhists does it take to change a light bulb?,"Three - one to change it, one to not-change it and one to both change-and not-change it.","type:tradlightbulb,"
How many Roman pirates does it take to change a light bulb?,I I,"type:tradlightbulb,"
How many Ukrainians does it take to screw in a light bulb?,"They don't need to, they glow in the dark...","type:tradlightbulb,"
How many Bill Cosbys does it take to change a light bulb?,Just one but every time he does he causes a blackout.,"type:tradlightbulb,"
How many transgender people does it take to change a lightbulb?,"Only one. But they have to sit in the dark room for a year, first, to make sure that the lightbulb is   out.","type:tradlightbulb,"
How many narcissists does it take to change a lightbulb?,Just one. All he has to do is hold it in place while the world revolves around him.,"type:tradlightbulb,"
How many Northern Californians does it take to screw in a light bulb?,Hella,"type:tradlightbulb,"
How many Comcast customer service agents does it take to change a lightbulb?,... Is the lightbulb plugged in sir?,"type:tradlightbulb,"
How many Shia laBeouf's does it take to change a lightbulb?,NonononononononononoNONONONONONO! NONONONONONONO! NONONONONONONONONONONONONONONO! (he can't.),"type:tradlightbulb,"
How many cockroaches does it take to change a light bulb?,I don't know. When I turn on the light they're all gone.,"type:tradlightbulb,"
How many police does it take to change a lightbulb?,"They don't, they beat the room for being black.","type:tradlightbulb,"
How many Steam employees does it take to change a light bulb?,"Honestly Im not sure, they havent got back to me yet. It's been 3 weeks.","type:tradlightbulb,"
How many amateur masochists does it take to screw in a light bulb?,"Only one; But it takes a WHOLE E.R. room to extract it afterwards. Double joke! ""whole... hole."" it's a play on words ;)","type:tradlightbulb,"
How many black people does it take to screw in a lightbulb?,"One, but when he unscrews the bulb, the lights go out and your xbox is gone.","type:tradlightbulb,"
How Many Wal-Mart Workers Does it Take to Screw In a Lightbulb?,"One to screw in the lightbulb, stock four carts of supplies, and handle seventeen simultaneous customers at any one time for five consecutive hours.","type:tradlightbulb,"
How many moths does it take to screw in a light bulb?,"Just two, but how they get in there.. I don't know.","type:tradlightbulb,"
How many Australians does it take to screw in a light bulb?,"It doesn't matter, they all turn them the the wrong way.","type:tradlightbulb,"
How many dead prostitutes does it take to change a light bulb?,More than ten because my basement is still dark.,"type:tradlightbulb,"
How many Harvard graduates does it take to change a light bulb?,"Just one.  He holds up the light bulb,  and the world revolves around him","type:tradlightbulb,"
How many socialists does it take to screw in a lightbulb?,All of them.,"type:tradlightbulb,"
How many redditors does it take to screw in a new lightbulb?,Zero. Somebody already did it.,"type:tradlightbulb,"
"In a room of engineers, how many does it take to screw in a light bulb?","All of them. However, it still hasn't been changed because they are each working on a more efficient bulb and thread, followed by a lot of arguing.","type:tradlightbulb,"
How many JokeExplainBots does it take to change a lightbulb?," are easily threaded by one person,   with one hand.  Doot.","type:tradlightbulb,"
How many psychiatrist does it take to change a lightbulb?,"Just one, but it takes a really long time, and the lightbulb has to want to change...","type:tradlightbulb,"
How many gays does it take to change a lightbulb?,[removed],"type:tradlightbulb,"
How many hipsters dose it take to change a light bulb?,None they have a guy for that comes on Tuesdays only uses reproductions of antique bulbs,"type:tradlightbulb,"
How many Emos does it take to change a light bulb?,None.  They prefer to cry in the dark.,"type:tradlightbulb,"
How many Alzheimer's patients does it take to screw in a light bulb?,........to get to the other side,"type:tradlightbulb,"
How many blonde's does it take to screw In a light bulb?,"3: One holds the light bulb, and the other two spin the Chair.","type:tradlightbulb,"
How many Hipsters does it take to change a light bulb?,...it's this really obscure number. You've probably never even heard of it. No big deal.,"type:tradlightbulb,"
"How many dead babies, does it take to change a lightbulb?","...not 7, because it's still dark in my basement","type:tradlightbulb,"
How many ADD/ADHD kids does it take to change a light bulb?,Wanna go ride bikes?,"type:tradlightbulb,"
How many libertarians does it take to screw in a light bulb?,ON WHAT AUTHORITY ARE YOU ASKING? I DO NOT CONSENT TO SEARCHES! AM I BEING DETAINED?,"type:tradlightbulb,"
How many NRA spokesmen does it take to change a lightbulb?,More guns!,"type:tradlightbulb,"
How many saiyans does it take to screw in a lightbulb?,Just one. But it takes five episodes.,"type:tradlightbulb,"
How many white people does it take to change a lightbulb?,"None, they just hire a mexican to do it.","type:tradlightbulb,"
How many qataris does it take to change a lightbulb?,"None, they just make the nepalese do it.","type:tradlightbulb,"
How many Canadians does it take to change a light bulb?,Just two.  One to politely ask and the other to politely help.,"type:tradlightbulb,"
How many Protestants does it take to change a lightbulb?,None. They live in eternal darkness.,"type:tradlightbulb,"
How many actors does it take to change a light bulb?,10. 1 to change it and 9 to say they could have done it better.,"type:tradlightbulb,"
How many tumblr users does it take to change a lightbulb?,"Light is triggering, shitlord. DOWN WITH THE BULBTRIARCHY","type:tradlightbulb,"
How Many Feminists Does it Take to Change a Light bulb?,Trick question.  Feminists can't change a thing.,"type:tradlightbulb,"
How many christians does it take to change a lightbulb?,"three, but they're really one","type:tradlightbulb,"
How many Asians does it take to change a light bulb?,"2. 1 to change the light bulb, the other to take pictures.","type:tradlightbulb,"
How many Latvians does it take to screw a lightbulb?,Is dark. Bulb is potato.,"type:tradlightbulb,"
How many polacks does it take to change a light bulb?,Just one dumbass. ,"type:tradlightbulb,"
How many koalas does it take to screw in a lightbulb?,"Only one, given that he's koali-fied for the job.","type:tradlightbulb,"
How many theoretical physicists does it take to screw in a lightbulb?,"Two. One to hold it in place, another to rotate the universe around it.","type:tradlightbulb,"
"How many chefs does it take to change a,light bulb ?","one to do it, and five others to tell him how they did it differently in their last kitchen. ","type:tradlightbulb,"
How many moths does it take to change a lightbulb?,"I don't know, but they are literally killing themselves trying. ","type:tradlightbulb,"
How many kids with ADHD does it take to screw in a light bulb?,Let's go ride our bikes.,"type:tradlightbulb,"
How many of my fellow Germans does it take to change a lightbulb?,"Only one of course, as we are highly efficient and have absolutely no sense of humour.","type:tradlightbulb,"
How many rapists does it take to screw in a lightbulb?,Only one. But they totally wanted it.,"type:tradlightbulb,"
How many birds does it take to change a lightbulb?,Toucan,"type:tradlightbulb,"
How many New Yorkers does it take to screw in a light bulb?,One. They hold it in place and wait for the world to revolve around them.,"type:tradlightbulb,"
How many SJW's does it take to fix a lightbulb?,"100. 100 who complain about the lightbulb oppressing them, and 1 man to actually do it.","type:tradlightbulb,"
How many reddit admins does it take to screw in a light bulb?,Seriously who knows? It's pitch black in here.,"type:tradlightbulb,"
How many teenage mutant ninja turtules does it take to screw in a light bulb?,Five.  It's a huge problem.,"type:tradlightbulb,"
How many dancers does it take to change a light bulb?,Five… six… seven… eight!,"type:tradlightbulb,"
How many South Americans does it take to screw in a light bulb? ,A Brazilian!,"type:tradlightbulb,"
How many Einsteins does it take to screw in a lightbulb?,Relatively few,"type:tradlightbulb,"
How many hipsters does it take to change a light bulb?,It's like a really obscure number you have probably never heard of.,"type:tradlightbulb,"
How many blind men would it take to change a light bulb?,Why the fuck would a blind man need a light bulb?,"type:tradlightbulb,"
How many fat people does it take to change a light bulb?,3. One to unscrew the light bulb and screw a new one on another one to operate the crane and a third one to say when the chicken is ready.,"type:tradlightbulb,"
How many blacks does it take to change a light bulb?,5/3. The same amount as for whites. ,"type:tradlightbulb,"
How many police officers does it take to change a lightbulb?,"None, they'll just beat the room for being black","type:tradlightbulb,"
How many gay guys does it take to screw in a light bulb?,"Three. One to screw it in, one to pour the wine, and one to say 'marvelous, simply marvelous!'","type:tradlightbulb,"
How many dead hookers in a basement does it take to change a light bulb?,"Obviously more than four, because it's still dark as fuck in here.","type:tradlightbulb,"
How many hippies does it take to screw in a light bulb?,"Hippies don't screw in light bulbs, they screw in tents.","type:tradlightbulb,"
How many 3rd wave feminists does it take to change a lightbulb?,Whats the point? 3rd wave feminists can't take a joke anyway.,"type:tradlightbulb,"
How many country singers does it take to screw in a lightbulb?,Two. One to screw in the lightbulb and another to sing about all the good times they had with the lightbulb. ,"type:tradlightbulb,"
How many ghosts does it take to change one lightbulb?,Zero. They don't exist.,"type:tradlightbulb,"
How many guys wearing turbans does it take to change a light bulb?,Sikhs.,"type:tradlightbulb,"
How many trans women does it take to change a lightbulb?,"Just one, but first they have to sit in the dark for a year and then get letters from two electricians giving them permission.","type:tradlightbulb,"
How many South Americans does it take to screw in a light bulb?,A Brazilian.,"type:tradlightbulb,"
How many Duggar does it take to screw in a light bulb?,"They screw children, not light bulbs.","type:tradlightbulb,"
How many politicians does it take to change a lightbulb?,"Just two. One to explain to the public that everything possible is being done to solve the problem, and the other to screw the lightbulb into the water faucet.","type:tradlightbulb,"
How many US cops does it take to change a lightbulb?,"None, they arrest the room because it's black.","type:tradlightbulb,"
How many indians does it take to screw in a light bulb?,Sikhs ,"type:tradlightbulb,"
How many moths does it take to screw in a lightbulb?,"Just two, but more can join in if there's room in the lightbulb.","type:tradlightbulb,"
How many Viet Nam vets does it take to change a light bulb?,"You don't know? That's right, you   know, because you weren't there, man!","type:tradlightbulb,"
How many chiropractors does it take to change a light bulb?,Just one. But it takes about 8-10 visits.,"type:tradlightbulb,"
How many people from the future does it take to change a light bulb?,The lightbulb works fine...,"type:tradlightbulb,"
How many Saiyans does it take to screw in a lightbulb?,Just one. But it takes 5 episodes.,"type:tradlightbulb,"
How many germans does it take to change a light bulb?,"One, we have no time for humour.","type:tradlightbulb,"
How many egoists does it take to change a lightbulb?,One. They simply hold the bulb and wait for the world to revolve around them.,"type:tradlightbulb,"
How many frat boys does it take to screw in a lightbulb?,"Four. One to change the bulb, three to stand around so he has someone to hi-five after. ","type:tradlightbulb,"
How many hipsters does it take to screw in a light bulb?,"It's an obscure number, you have probably never heard of it.","type:tradlightbulb,"
How many Psychologists does it take to change a light bulb?,Just one. But the light bulb has to want to change.,"type:tradlightbulb,"
How many Freudians does it take to screw in a light bulb?,"Two. One to screw in the light bulb, and one to hold the penis. I mean the ladder. One to hold the ladder.","type:tradlightbulb,"
How many mice does it take to screw in a light bulb?,It only takes two mice to screw in a light bulb. The hard part is getting them in there.,"type:tradlightbulb,"
How many people does it take to change a light bulb in Brazil?,A Brazillion!!! ,"type:tradlightbulb,"
How many pot heads does it take to screw in a light bulb?,"Just one, we're stoned not stupid.  ","type:tradlightbulb,"
How many sith lords does it take to change a light bulb?,None. They like it on the dark side.,"type:tradlightbulb,"
How many nuts does it take to screw in a light bulb?,A Brazilian,"type:tradlightbulb,"
How many black people does it take to screw in a light bulb?,One because his knee grows.,"type:tradlightbulb,"
How many lesbians does it take to screw in a lightbulb?,"Just one, except she scissors it in.","type:tradlightbulb,"
How many rioters does it take to change a lightbulb?,"Don't be stupid, rioters can't change anything. ","type:tradlightbulb,"
How many Vietnam vets does it take the screw in a light bulb?,THAT'S RIGHT!!! YOU DON'T KNOW,"type:tradlightbulb,"
How many drummers does it take to screw in a light bulb?,Three. 1 to screw it in and 2 to talk about how much better Neil Peart could've done it,"type:tradlightbulb,"
How many dead prostitutes we need to change a lightbulb ?,"Certainly not three, because in my basement is still dark.","type:tradlightbulb,"
How many straight Vassar men does it take to screw in a lightbulb?,Both of them.,"type:tradlightbulb,"
How many dead babies does it take to change a lightbulb?,Well apparently not eight cause my basement is still dark.,"type:tradlightbulb,"
Do you know how many Viet Nam vets it takes to change a light bulb?,NO...YOU DON'T KNOW...YOU WEREN'T THERE,"type:tradlightbulb,"
How many black people does it take to change a lightbulb?,"Idk, its too dark to tell them apart. ","type:tradlightbulb,"
How many engineers does it take to screw in a light bulb?,Two. One to screw in the bulb and another to talk about how complicated it was.,"type:tradlightbulb,"
How many trolls does it take to change a light bulb?,<deleted>,"type:tradlightbulb,"
How many Vietnam War Veterans does it take to change a lightbulb?,"You don't know man, you weren't there!","type:tradlightbulb,"
How many prostitutes does it take to screw in a light bulb?,"Just one, she will screw anything but it will cost you a hundred or so.","type:tradlightbulb,"
How many controlled oposition does it take to change a light bulb?,None you know of. Since they signed a Non Disclosure Agreement to not talk about it.,"type:tradlightbulb,"
Cake day: How many scientists does it take to screw in a light bulb?,"Answer: I don't know, I'm no scientist","type:tradlightbulb,"
How many millenials does it take to screw in a light bulb?,Just one. They hold it in place while the world revolves around them.,"type:tradlightbulb,"
How many dank memes does it take to change a lightbulb?,"Doesn't matter, just use the jet fuel instead.","type:tradlightbulb,"
How many creationists does it take to change a lightbulb?,"None, they still use torches.","type:tradlightbulb,"
How many redditors does it take to screw in a lightbulb?,"Who cares, because How Can Light Be Real If Our Eyes Arent Real?","type:tradlightbulb,"
How many politicians does it take to change a light bulb?,"Two:  One to change it, and the other one to change it back again.","type:tradlightbulb,"
How many anti-feminists does it take to screw the light bulb?,"Anti feminists? Nah, they can't screw","type:tradlightbulb,"
How many Social Justice Warriors does it take to change a lightbulb?,"None, just the one black guy they get to do it so they can tell him how oppressed he is.","type:tradlightbulb,"
How many femenists does it *really* take to change a lightbulb?,"Doesn't matter how many femenists try, they can't change anything. Alternatively, they just hold it up and wait for the world to revolve around them. ","type:tradlightbulb,"
How many students does it take to change a light bulb?,Two. One to hold the light bulb and one to drink until the room spins.,"type:tradlightbulb,"
How many MRAs does it take to screw in a lightbulb?,None. They just blame feminism for the darkness.,"type:tradlightbulb,"
How many Germans does it take to screw in a lightbulb?,Just one. They are very efficient and don't have much of a sense of humor.,"type:tradlightbulb,"
How many menstruating women does it take to change a lightbulb?,That's not funny.,"type:tradlightbulb,"
How many kids with ADD does it take to change a lightbulb?,WANNA RIDE BIKES???,"type:tradlightbulb,"
How many children with Attention Deficit Disorder does it take to change a light bulb?,Let's go ride our bikes!,"type:tradlightbulb,"
How many bugs does it take to screw in a lightbulb?,"Just two, as long as they can find a way in.","type:tradlightbulb,"
How many Global Warming nutjobs does it take to change a light bulb?,"None, they don't use light bulbs. They live in caves and use no forms of artificial energy because they wouldn't want to be perceived as hypocrites or morons.","type:tradlightbulb,"
How many policemen does it take to change a light bulb?,None. They just beat the room for being black.,"type:tradlightbulb,"
How many contradictory Germans does it take to screw in a lightbulb?,Nein.,"type:tradlightbulb,"
How many social justice warriors does it take to change a lightbulb?,One.  They just hold the lightbulb and cry until the universe spins around them.,"type:tradlightbulb,"
How many Germans do you need to screw in a lightbulb?,One. We're efficient not funny!,"type:tradlightbulb,"
How many black people does it take to change a light bulb?,"Seriously, I gotta figure out how many slaves I need to buy","type:tradlightbulb,"
How many Hippies does it take to screw in a light bulb?,Hippies screw in dirty sleeping bags!,"type:tradlightbulb,"
How many Redditors does it take to screw in a lightbulb?,"It doesn't matter, they'll just compliment it a lot and then complain because it won't screw.","type:tradlightbulb,"
How many Sayians does it take to change a light bulb?,"One. But it'll take 3 episodes, and Krillin dies.","type:tradlightbulb,"
How many divorced men does it take to screw in a light bulb?,"Nobody knows, the never get to keep the house.","type:tradlightbulb,"
How many Tenors does it take to screw in a Lightbulb?,Trick Question. They only think they can reach that high.,"type:tradlightbulb,"
How many tweekers does it take to change a light bulb?,Depends on which method you try....,"type:tradlightbulb,"
How many Christian women does it take to change a lightbulb?,nun,"type:tradlightbulb,"
How many people from Cornwall does it take to change a lightbulb?,"They don't care, as long as they do it better than people from Devon.","type:tradlightbulb,"
How many moderators does it take to change a lightbulb?,[deleted],"type:tradlightbulb,"
How many absurdists does it take to change a lightbulb?,Yarn. ,"type:tradlightbulb,"
How many theoretical physicists does it take to screw in a light bulb?,"Two, one to hold the bulb and one to rotate the universe.","type:tradlightbulb,"
How many Juggalos does it take to change a light bulb?,FUCKIN' LIGHT BULBS!  HOW DO THEY WORK!?!,"type:tradlightbulb,"
How many alzheimer's patients does it take to screw in a lightbulb?,To get to the other side!,"type:tradlightbulb,"
How many Amish people does it take to change a lightbulb?,A what?,"type:tradlightbulb,"
How many dadaists does it take to change a lightbulb?,Giraffe.,"type:tradlightbulb,"
How many atheist does it take to change a light bulb?,None. It will happen itself. ,"type:tradlightbulb,"
How many nihilists does it take to change a lightbulb?,They don't see the point and just sit in the dark.,"type:tradlightbulb,"
How many hipsters does it take to change a lightbulb?,It's a really obscure number and you've probably never heard of it.,"type:tradlightbulb,"
How many Nazis does it take to screw in a lightbulb??,One.  He makes three Polacks do it at gunpoint.,"type:tradlightbulb,"
How many women does it take to screw in a lightbulb?,One.,"type:tradlightbulb,"
How many Saiyans does it take to screw in a light bulb?,Just one... But it takes 4 episodes and Krillin dies...,"type:tradlightbulb,"
How many girls does it take to screw in a light bulb?,"A friend told me this joke in high school. I admit I laughed harder than I should have.  How many girls does it take to screw in a light bulb? None, they just sit in the dark and bitch.","type:tradlightbulb,"
How many therapists does it take to change a light bulb?,But the light bulb has to want to change. ,"type:tradlightbulb,"
How many OU (University of Oklahoma) coaches does it take to change a light bulb?,None. They aren't about to change a bulb when flipping a switch has worked for 15 years.,"type:tradlightbulb,"
How many karma whores does it take to change a lightbulb?,"When this gets 500 upvotes, I'll tell you the answer.","type:tradlightbulb,"
How many recruits does it take to change a lightbulb?,Five. One to change the lightbulb and four road guards.,"type:tradlightbulb,"
How many male chauvinists does it take to change a light bulb?,Zero. Let that bitch cook in the dark,"type:tradlightbulb,"
How many Northern Californians does it take to change a lightbulb?,Hella.,"type:tradlightbulb,"
How many Mexicans does it take to fix a light bulb?,Twenty-Juan,"type:tradlightbulb,"
How many gay men does it take to change a lightbulb?,"""Ummm ... forget about the changing the lightbulb, honey, maybe let's start with changing those curtains""","type:tradlightbulb,"
How many Irishman does it take to screw in a light bulb?,"2, one to hold the light bulb the other to drink until the room spins ","type:tradlightbulb,"
How many people of a certain ethnicity does it take to change a lightbulb?,"10, one to change the lightbulb; the other nine to act in a manner stereo-typically associated with said ethnicity.","type:tradlightbulb,"
How many metal drummers does it take to screw in a lightbulb?,"one, but it takes 32 lightbulbs. ","type:tradlightbulb,"
How many guys in the friend zone does it take to light a light bulb?,"None, they just stand around  complimenting it, and get mad when it won't screw.","type:tradlightbulb,"
How many assholes does it take to change a lightbulb?,"It doesn't matter, mine itches so bad it's on fire, providing plenty of light for everyone in the room!","type:tradlightbulb,"
How many communists does it take to screw in a lightbulb?,None. Each lightbulb contains the means of its own revolution.,"type:tradlightbulb,"
How many Jon Snows does it take to change a light bulb?,It wouldn't matter. Jon Snow knows nothing.,"type:tradlightbulb,"
How many South Americans does it take to screw in a lightbulb?,A Brazillian.,"type:tradlightbulb,"
How many honest politicians does it take to change a lightbulb?,All three of them. ,"type:tradlightbulb,"
How many cops does it need to change a light bulb?,"None, they just beat the room for being black. ","type:tradlightbulb,"
How many Ferguson police does it take to change a light bulb?,"None, they'll just shoot the room for being black. ","type:tradlightbulb,"
How many Jewish mothers does it take to change a lightbulb?,Don't worry about changing the lightbulb. I'll just sit here in the dark.,"type:tradlightbulb,"
How many IT support techs does it take to change a lightbulb?,"""have you tried turning the light off and back on?""","type:tradlightbulb,"
How many Patriots fans does it take to screw in a light bulb?,None. They're fine sucking each other's dicks in the dark.,"type:tradlightbulb,"
How many second violinists does it take to change a light bulb?,None. They can't get up that high! ,"type:tradlightbulb,"
How many WoW devs does it take to screw in a light bulb?,Doesn't matter. They'll just nerf darkness next patch instead.,"type:tradlightbulb,"
How many feninists does it take to change a lightbulb?,None. Because feminists can't change anything. ,"type:tradlightbulb,"
How many dull people does it take to change a light bulb?,One,"type:tradlightbulb,"
How many choir directors does it take to change a light bulb?,No one knows. No one ever watches the choir director.,"type:tradlightbulb,"
How many handicapped guys does it take to change a light bulb?,Just one if it's Professor X.,"type:tradlightbulb,"
How many Democrats does it take to change a light bulb?,"It only takes one, but we weren't able to get the work done in 1 term because we inherited a really bad situation from the prior administration.","type:tradlightbulb,"
How many eskimos does it take to screw in a lightbulb?,Two. Obviously.,"type:tradlightbulb,"
How many Catholics does it take to screw in a light bulb?,"Don't know, the pope hasn't said yet.  How many Lutherans does it take to screw in a light bulb? None, Lutherans don't change.","type:tradlightbulb,"
How many religious people does it take to change a light bulb?,"There's no need to change it when you can easily convince everyone that it still works, but they've gone blind.","type:tradlightbulb,"
How many accident-prone people does it take to change a lightbulb?,We're on our sixth.,"type:tradlightbulb,"
How many Germans does it take to screw in a Lightbulb?, ,"type:tradlightbulb,"
How Many Friend Zoned Men Does It Take To Screw In A Lightbulb?,"None, they just all stand around complaining that it won't screw!","type:tradlightbulb,"
How many Christians does it take to screw in a light bulb?,Two. But only for procreation. ,"type:tradlightbulb,"
How many redditors does it take to screw in a light bulb?,"Only one, but an extra 15 to repost.","type:tradlightbulb,"
How many cops does it take to screw in a light bulb?,None. They just beat the room for being black.,"type:tradlightbulb,"
How Many Kids With A.D.D Does It Take To Screw In A Lightbulb?,Wanna go ride bikes?? ,"type:tradlightbulb,"
How many midgets does it take to screw in a lightbulb?,I'd be surprised if you could fit two in there ,"type:tradlightbulb,"
How many college guys does it take to screw in a light bulb?,"None, they prefer Natural Light","type:tradlightbulb,"
How many Jihadists does it take to change a light bulb?,Allah them.,"type:tradlightbulb,"
How many Mexicans does it take to change a light bulb.. ?,Just Juan!,"type:tradlightbulb,"
How many perverts does it take to put in a light bulb?,"Only one, but... It takes the entire ER department to get it back out. ","type:tradlightbulb,"
How many light bulbs does it take to change a man?,"Just one, if you put it in the right place. ","type:tradlightbulb,"
How many developers does it take to change a light bulb?,None. That's a hardware problem.,"type:tradlightbulb,"
How many Alzheimer's patients does it take to screw on a light bulb?,TO GET TO THE OTHER SIDE!,"type:tradlightbulb,"
How many Alzheimer's patients does it take to screw in a lightbulb?,To get to the other side!,"type:tradlightbulb,"
How many Apple executives does it take to change a light bulb?,They dont. They turn it into the hype of the new generation.,"type:tradlightbulb,"
How many Astros fans does it take to screw in a lightbulb?,Both of them.,"type:tradlightbulb,"
How many martial artists does it taek to change a lightbulb?,It only taek won do change a lightbulb.,"type:tradlightbulb,"
How many pixies does it take to screw in a light bulb?,"Two, but don't ask me how they got in there.","type:tradlightbulb,"
How many Jewish grandmothers does it take to screw in a lightbulb?,That's okay. I'll just sit here in the dark. ,"type:tradlightbulb,"
How many Firefly fans disc it take to screw in a light bulb?,None. The just stand around for years bitching about how it went out.,"type:tradlightbulb,"
How many first-time theater directors does it take to screw in a lightbulb?,"I don't know, what do you guys think?","type:tradlightbulb,"
How many non-sequiturs does it take to change a light bulb?,Yes,"type:tradlightbulb,"
How many light bulbs does it take to change a light bulb?,Two. The light bulb you remove and the light bulb you replace it with.,"type:tradlightbulb,"
How many straight men in california does it take to change a lightbulb?,both of them,"type:tradlightbulb,"
How many prolog programmers does it take to change a lightbulb?,Yes.,"type:tradlightbulb,"
How many radical feminists does it take to change a lightbulb?,That's not funny.,"type:tradlightbulb,"
How many Tumblr women does it take to change a light bulb?,I WILL NOT BE A VICTIM!,"type:tradlightbulb,"
How many roaches does it take to screw in a light bulb?,2 but how they got in the light bulb I will never know,"type:tradlightbulb,"
How many ballerinas does it take to screw in a lightbulb?,"...5,6,7,8!","type:tradlightbulb,"
How many Catholic priests does it take to screw in a lightbulb?,"None, because little boys don't fit in a lightbulb.","type:tradlightbulb,"
How many Missouri Police officers does it take to change a light bulb?,None. They just shoot the room for being black. ,"type:tradlightbulb,"
How many corporate drones does it take to screw in a lightbulb?,"That's impossible, because they can't climb the ladder.","type:tradlightbulb,"
How many women with PMS does it take to screw-in a light bulb?,"Two. . . . . . . . . . . . . . . . . . . . . . . . . . IT JUST DOES, OKAY?","type:tradlightbulb,"
How many kids with A.D.D. does it take to screw in a lightbulb?,Wanna go ride bikes?,"type:tradlightbulb,"
How many NYC cops does it take to screw in a light bulb?,"None, they just beat the room for being black.","type:tradlightbulb,"
How many gay men does it take to screw in a light bulb?,"Only one, but it takes the entire emergency room to remove it.","type:tradlightbulb,"
How many Unidans does it take to screw in a light bulb?,Six: one to screw it in and five to cheer him on loudly while standing in front of other people's bulbs so no one can see them.,"type:tradlightbulb,"
How many Mexicans does it take to change a light bulb ?,Just Juan.,"type:tradlightbulb,"
How many Software Engineers does it take to change a lightbulb?,None- that's hardware.,"type:tradlightbulb,"
How many dads does it take to change a light bulb?,Two. One to put it in and one to complain that he never screws anything anymore.,"type:tradlightbulb,"
How many mens' rights activists does out take to change a lightbulb?,"Well, not all of them.","type:tradlightbulb,"
How many Brazilian national football players does it take to change a lightbulb?,"No one knows - every time they pick one up, they end up giving it away. ","type:tradlightbulb,"
How many American golf fans does it take to change a lightbulb?,1001 1 to offer up the bulb and 1000 to scream 'Get in the hole',"type:tradlightbulb,"
How many Norwegians does it take to screw in a lightbulb?,7,"type:tradlightbulb,"
How many anarchists does it take to change a lightbulb?,"Trick question, anarchists can't change anything.","type:tradlightbulb,"
How many Latin Americans does it take to change a lightbulb?,A Brazilian.,"type:tradlightbulb,"
How many performance artists does it take to change a lightbulb?,"I don't know, I left early.","type:tradlightbulb,"
How many Freudians does it take to change a lightbulb?,"One to unscrew it, and one to hold the     ladder. ","type:tradlightbulb,"
How many lawyers does it take to screw in a light bulb?,Depends on how many cops planted it there,"type:tradlightbulb,"
How many friend-zoned guys does it take to change a light bulb?,"None, they'll just compliment it and get pissed when it won't screw. ","type:tradlightbulb,"
How many Dragon Ball Z characters does it take to screw in a light bulb?,Just one. But it takes 20 episodes,"type:tradlightbulb,"
How many feminists do you need to screw in a lightbulb?,None. Lightbulbs promote rape culture.,"type:tradlightbulb,"
How many literalists does it take to change a lightbulb?,One.,"type:tradlightbulb,"
How many friend-zoned guys does it take to screw in a light bulb?,None. They just sit around and compliment it and get pissed when it won't screw.,"type:tradlightbulb,"
How many nice guys does it take to screw in a lightbulb?,"None, they'll compliment it, but then get pissed off when it doesn't screw.","type:tradlightbulb,"
How many communists does it take to screw in a lightbulb?,None.  The lightbulb contains the seeds of its own revolution.  ,"type:tradlightbulb,"
How many ska kids does it take to screw in a light bulb?,One to drop it and six to pick it up pick it up pick it up,"type:tradlightbulb,"
How many Tourette's suffers does it take to screw in a lightbulb?,Ass fucking cunt bitch just one cocksucker whore,"type:tradlightbulb,"
How many men does it take to change a lightbulb?,Not all men.,"type:tradlightbulb,"
How many Freudian analysts does it take to change a light bulb?,"Two, one to change the bulb and another to hold the penis. ladder! I meant ladder.","type:tradlightbulb,"
How many sorority girls does it take to change a light bulb?,"Six. One to change it, one to take pictures and four to make t-shirts for the event. ","type:tradlightbulb,"
How many bricks do you need to screw in a lightbulb?,"Just two, but you're going to need a lot of patience and light bulbs.","type:tradlightbulb,"
How many Alzheimer victims does it take to change a light bulb?,To get to the other side,"type:tradlightbulb,"
How many feminists do you need to replace a lightbulb?,"Only 1, she'll hold the bulb in place and wait while the world revolves around her.","type:tradlightbulb,"
How many Mormons does it take to screw in a lightbulb?,Edit*: tried to fix the 1 into a 3 but my Reddit app is being a bitch.,"type:tradlightbulb,"
For my food service workers out there: How many servers does it take to screw in a lightbulb?,That's not my fucking sidework!,"type:tradlightbulb,"
How many dead prostitutes does it take to screw in a lightbulb?,More than three because the basement is still dark!,"type:tradlightbulb,"
How many sound guys does it take to screw in a light bulb?,"Two, two... One, two.","type:tradlightbulb,"
How many Bolsheviks does it take to screw in a lightbulb?,None - the lightbulb has the capacity for its own revolution,"type:tradlightbulb,"
How many jugglers does it take to change a light bulb?,"One, but it takes at least three light bulbs.","type:tradlightbulb,"
How many climate change deniers does it take to screw in a lightbulb?,What are you talking about? The bulb is fine.,"type:tradlightbulb,"
How many graduate students does it take to change a lightbulb?,"Only one, but it takes nine years. ","type:tradlightbulb,"
How many homophones does it take to change a lightbulb?,Nun.,"type:tradlightbulb,"
How many prostitutes does it take to screw in a lightbulb?,"Just one, but she charges me extra for weird stuff","type:tradlightbulb,"
How many people does it take to screw in a light bulb?,Just two.  It only requires that either the people are very small or the light bulb is very large.,"type:tradlightbulb,"
How many X does it take to lightbulb?,Karma?,"type:tradlightbulb,"
How many bass players does it take to screw in a lightbulb?,One. Five. One. ,"type:tradlightbulb,"
How many guitar players does it take to screw in a lightbulb?,"2 . One to screw it in and another to say, ""I could do that"".","type:tradlightbulb,"
How many programmers does it take to screw in a lightbulb?,None. We don't address hardware issues.,"type:tradlightbulb,"
How many SRSers does it take to change a lightbulb?,None. They wait for the electrician to make a mistake and yell at them for doing it wrong.,"type:tradlightbulb,"
How many heroin addicts does it take to change a lightbulb?,Four. One to hold the lightbulb and three to smoke until the room starts spinning!,"type:tradlightbulb,"
How many psychiatrists dose it take to change a light bulb?,"How many psychiatrists dose it take to change a light bulb? One, but the light bulb has to want to change.","type:tradlightbulb,"
How many Dragonball Z characters does it take to screw in a light bulb?,"Just one, but it takes three episodes.","type:tradlightbulb,"
How many emo kids does it take to change a lightbulb?,None. They just sit in the dark and cry.,"type:tradlightbulb,"
How many gnats does it take to screw in a lightbulb?,"It only takes two, but the trick is getting them in the lightbulb.","type:tradlightbulb,"
How many Libertarian Capitalists does it take to change a light bulb?,I ain't buyin those fancy   Big-Government ones. The free market idn't ready.,"type:tradlightbulb,"
How many friend zoned guys does it take to screw in a light bulb?,"None, they will all just stand there complimenting it and get pissed when it wont screw. ","type:tradlightbulb,"
How many kids with ADHD does it take to change a lightbulb?,Let's go ride bikes!,"type:tradlightbulb,"
How many women does it take to screw a lightbulb?,"Only one, but with a perticular FETISH","type:tradlightbulb,"
How many people does it take to screw a lightbulb?,Just one guy with a really weird fetish. ,"type:tradlightbulb,"
How many blind people does it take to screw in a light bulb?,"I am not sure,  I haven't seen them try and I can't do it either.","type:tradlightbulb,"
How many x does it take to change a lightbulb?,"f(x), where f(x) = the optimal number of x for establishing a humorous stereotype.","type:tradlightbulb,"
How many 'friend-zoned' guys does it take to change a light bulb?,None they just compliment it and get pissed when it won’t screw.,"type:tradlightbulb,"
How many passive-aggressive people does it take to change a lightbulb?,"Oh never mind, I'll just sit here in the dark...","type:tradlightbulb,"
How many bad joke tellers does it take to screw in a light bulb?,One.,"type:tradlightbulb,"
How many lightbulbs does it take to screw in a bad joke teller?,To get to the other side!,"type:tradlightbulb,"
How many physicists does it take to screw in a lightbulb?,"Assuming it takes place in a vacuum, approximating the lightbulb as a point particle, Assuming it takes place at precisely 300 K, and ignoring the Heisenberg Uncertainty Principle: π/3","type:tradlightbulb,"
How many Soviets does it take to change a light bulb?,"None! In Soviet Russia, light bulb changes you!","type:tradlightbulb,"
How many immature people does it take to screw in a lightbulb?,"Hehe... 'screw' Alternatively: 69, but everyone expects that one.","type:tradlightbulb,"
How Many Bit Coins Does it take to screw in a Lightbulb?,00000000000001adf44c7d69767585--5572eca4dd4-db7d0c0b845-916d849af76 PM me the answer!,"type:tradlightbulb,"
How many political idealists does it take to change a light bulb?,"None, political idealists can't change anything.","type:tradlightbulb,"
How many Borg does it take to change a light bulb?,All of them.,"type:tradlightbulb,"
How many terrorists does it take to screw in a lightbulb?,"none, they blew it up already.","type:tradlightbulb,"
How many gorillas does it take to change a lightbulb?,"Only one, but it takes a shitload of lightbulbs.","type:tradlightbulb,"
How many kids with ADD does it take to change a light bulb?,Wanna go ride bikes?         My all time favorite joke.  Sorry if it has already been posted but who has the time to browse all of  .,"type:tradlightbulb,"
How many immature people does it take to screw in a light bulb?,69,"type:tradlightbulb,"
How many babies does it take to change a light bulb?,None. Babies don't have the motor skills or the depth perception to change a light bulb.,"type:tradlightbulb,"
How many shrinks does it take to change a lightbulb?,"Just one, but the light bulb really has to want to change.","type:tradlightbulb,"
How many Marines does it take to change a lightbulb?,"Four, one to change it and three to comment on the changing.","type:tradlightbulb,"
How many bodybuilders does it take to screw in a lightbulb?,"Two.  One to do it, a second to keep yelling, ""You're lookin' BIG, man!""","type:tradlightbulb,"
How many 9GAGers does it take to change a lightbulb?,Exactly the same amount as the Redditors on   and   . ,"type:tradlightbulb,"
How many redditors does it take to change a lightbulb?,"probably just one, but we may never know because they're all way too busy coming up with lightbulb jokes.","type:tradlightbulb,"
How many lightbulbs does it take to change a lightbulb?,Depends on how clumsy you are.,"type:tradlightbulb,"
How many light bulbs did it take to screw a human?,"None, there not too bright with doing anything except showing us where to go when were lost in the dark","type:tradlightbulb,"
How many Irish does it take to screw in a lightbulb?,Two. One to hold it in the socket and the other to drink until the room starts spinning!,"type:tradlightbulb,"
How many light bulbs does it take to screw in a light bulb?,Light bulb.,"type:tradlightbulb,"
How many members of Coldplay does it take to screw in a lightbulb?,"Just one, but he'd have to watch Radiohead do it first.","type:tradlightbulb,"
How many bassists does it take to screw in a lightbulb?,None. Just have the keybord player do it with their left hand.,"type:tradlightbulb,"
How many pop punkers does it take to screw in a lightbulb?,"five, one to drop it and four to two step and PICK IT UP PICK IT UP PICK IT UP!","type:tradlightbulb,"
How many ska kids does it take to change a light bulb?,"Three;  one to drop the bulb and two to yell ""pick it up pick it up!""","type:tradlightbulb,"
How many sorority girls does it take to change a lightbulb?,"Seven. One to change it, two to take pictures, and four to make t-shirts for the event.","type:tradlightbulb,"
How many friendzoned guys does it take to change a lightbulb?,None. They'll just compliment it and get pissed when it doesn't screw.,"type:tradlightbulb,"
How many Arabs does it take to change a lightbulb?,None. They'll sit in the dark and blame the Jews,"type:tradlightbulb,"
How many mathematician does it take to change a lightbulb?,pi,"type:tradlightbulb,"
How many hippies does it take to change a light bulb?,Hippies can't change anything. And they smell bad.,"type:tradlightbulb,"
How many Deadheads (Grateful Dead fans) does it take to change a lightbulb?,"No one knows, they wait for it to burn out and follow it around for twenty years.","type:tradlightbulb,"
How many members of Linkin Park does it take to screw in a lightbulb?,"None, cuz in the end it doesn't even matter!!!","type:tradlightbulb,"
How many members of Coldplay does it take to screw in a light bulb?,"Just one, but he has to see Radiohead do it first.","type:tradlightbulb,"
How many guys in the friend zone does it take to screw in a light bulb?,"None, they just stand around and compliment it and get pissed off when it doesn't screw. ","type:tradlightbulb,"
How many Freuds does it take to screw in a lightbulb?,Two. One to screw in the lightbulb and the other to hold the penis... I meant... The ladder.,"type:tradlightbulb,"
How many Economists does it take to change a lightbulb?,Depends on the supply and demand curve,"type:tradlightbulb,"
How many monkeys does it take to screw in a light bulb?,None. Monkeys screw in trees.,"type:tradlightbulb,"
How many MRAs does it take to screw in a light bulb?,Tires need changing too you know!,"type:tradlightbulb,"
How many Greeks does it take to screw in a light bulb?,"One, ......A Greek will screw anything! ","type:tradlightbulb,"
How many policemen does it take to change a lightbulb?,"Eleven. One chief of police to oversee it, and 10 cops to beat the lightbulb until it wants to change.","type:tradlightbulb,"
How many clones of president Obama does it take to change a lightbulb?,What a stupid question: Obama won't change jack shit.,"type:tradlightbulb,"
How many forever alone guys does it take to change a light bulb?,"One, but he wishes it was two.","type:tradlightbulb,"
How many recovering alcoholics does it take to change a light bulb?,We'll get on it next week,"type:tradlightbulb,"
How many indie bands does it take to change a light bulb?,"Eh, it's some number you've probably never heard of.","type:tradlightbulb,"
How many couples does it take to screw in a light bulb?,"They can't, it'd be much too cramped.  How would they even get in there in the first place?","type:tradlightbulb,"
How many married women does it take to screw in a lightbulb?,"Yeah right, like married women ever screw anything other than poolboys.....","type:tradlightbulb,"
How many kids with ADD does it take to screw in a light bulb?,Wanna go ride bikes?,"type:tradlightbulb,"
[One to tell militant women]: how many women on their period does it take to screw in a lightbulb?,[Meekly]   ,"type:tradlightbulb,"
How many friendzoned guys does it take to screw in a lightbulb?,None,"type:tradlightbulb,"
How many rats does it take to screw in a lightbulb?,"Two, but you have to get them in the lightbulb first.","type:tradlightbulb,"
How many Americans does it take to screw in a light bulb?,"None, that's a Mexican's job.","type:tradlightbulb,"
How many Firefly fans does it take to change a light bulb?,They wouldn't. They'd rather spend a decade bitching about how it went out.,"type:tradlightbulb,"
How many bees does it take to screw in a light bulb?,"Two, but how do they get in there?","type:tradlightbulb,"
How many Freemasons does it take to screw in a light bulb?,It's a secret!,"type:tradlightbulb,"
How many bros does it take to change a light bulb?,None. They prefer Natural Light.,"type:tradlightbulb,"
How many NBA refs does it take to screw in a light bulb?,"None, they only screw playoff games.","type:tradlightbulb,"
How many lazy people does it take to screw in a light bulb?,Count for yourself...,"type:tradlightbulb,"
How many ADD kids does it take to change a lightbulb?,Wanna ride bikes?,"type:tradlightbulb,"
How many paranoids does it take to change a lightbulb?,Who wants to know?,"type:tradlightbulb,"
How many emos does it take to change a lightbulb?,"None, Rather than change it they will just sit in a corner and cry like little bitches","type:tradlightbulb,"
How many A.D.D kids does it take to change a lightbulb?,WANNA RIDE BIKES?,"type:tradlightbulb,"
How many people from Chernobyl does it take to screw in a lightbulb?,None.  They glow in the dark.,"type:tradlightbulb,"
How many Heros does it take to screw in a lightbulb?,"All, to save this world from the darkness. ","type:tradlightbulb,"
How many alzheimer's patients does it take to change a lightbulb?,To get to the other side,"type:tradlightbulb,"
How many sycophants does it take to screw in a lightbulb?,How many do you want?,"type:tradlightbulb,"
How many dull people does it take to screw in a lightbulb?,One. ,"type:tradlightbulb,"
How many electricians does it take to screw in a lightbulb?,One.,"type:tradlightbulb,"
How many Apple users does it take to change a lightbulb?,"None. Once the bulb goes out, they replace the house.","type:tradlightbulb,"
How many computer programmers does it take to screw in a light bulb?,"Oh, wait. That's a hardware problem. ","type:tradlightbulb,"
How many protesters does it take to change a light bulb?,Trick question. Protesters never change anything. ,"type:tradlightbulb,"
How many cancer patients does it take to change a light bulb?,1 and 12 people to say how inspiring it was,"type:tradlightbulb,"
How many LA cops does it take to screw in a light bulb?,Nobody knows. LA cops just beat the shit out of the room for being black in the first place.,"type:tradlightbulb,"
How many surreal artists does it take to screw in a lightbulb?,"Three, one to hold the giraffe, and one to put the clocks in the bath tub.","type:tradlightbulb,"
How many cops does it tale to change a light bulb?,Trick question. They just beat the room for being black.,"type:tradlightbulb,"
How many skateboarders does it take to change a lightbulb?,One...but it takes him 27 tries,"type:tradlightbulb,"
How many music majors does it take to screw in a lightbulb?,16 One to screw it in and 15 others to stand around and talk shit about how bad the one person did.,"type:tradlightbulb,"
How many Freudian slips does it take to change a light bulb?,"Two! One to hold the bulb, the other to hold the cock, uh, penis, I mean, uh, ladder. ","type:tradlightbulb,"
How many Dragonball Z characters does it take to screw in a lightbulb?,"Find out next time, on Dragonball Z!","type:tradlightbulb,"
How many homeless people does it take to screw a light bulb?,does anyone know of any good jokes about homeless people.?,"type:tradlightbulb,"
How many women with PMS does it take to change a light bulb?,GO FUCK YOURSELF!,"type:tradlightbulb,"
How many Biebers does it take to change a light bulb?,None. There are no light bulbs in the closet. Another one: Why is Justin Bieber so pale? Because there's no light inside the closet,"type:tradlightbulb,"
How many dragon Ball z characters does it take to screw in a lightbulb?,"How many dragon Ball z characters does it take to screw in a lightbulb?  Only one, but it'll take at least 6 episodes!","type:tradlightbulb,"
How many guys in the friendzone does it take to change a lightbulb?,"None, they just stand around and compliment it, and then get pissed when it won't screw","type:tradlightbulb,"
How many Carpathians does it take to screw in a lightbulb?,"I don't know, Vigo and see. (best read in Yanosh's voice)","type:tradlightbulb,"
How many PETA member does it take to change a lightbulb?,Doesnt matter. PETA cant chqnge anything!,"type:tradlightbulb,"
How many members of the NRA does it take to screw in a lightbulb?,More guns.,"type:tradlightbulb,"
How many NRA members does it take to change a light bulb?,More guns.,"type:tradlightbulb,"
How many cops does it take to change a lightbulb??,None. They just beat the room for being black,"type:tradlightbulb,"
How many programmers does it take to screw in a light bulb?,"None, it's a hardware problem!","type:tradlightbulb,"
How many children with ADHD does it take to screw in a light bulb?,Wanna go swimming? ,"type:tradlightbulb,"
How many Frenchmen does it take to screw in a lightbulb?,Just one to hold it in place while the rest of Europe runs circles around it.,"type:tradlightbulb,"
How many guitar players does it take to change a light bulb?,"Ten: one to screw it in and nine to say, ""Pssh, I can do that.""","type:tradlightbulb,"
My favorite joke: How many Americans does it take to screw in a lightbulb?,One. They stick the bulb in the socket and wait for the world to revolve around them!,"type:tradlightbulb,"
How many hipsters does it take to change a lightbulb?,"it's a pretty obscure number, you probably haven't heard of it.","type:tradlightbulb,"
How many vampires does it take to screw in a light bulb?,"None, they prefer the dark.","type:tradlightbulb,"
How many PMSing women does it take to change a lightbulb?,Six.  Why?  It just does! OKAY!,"type:tradlightbulb,"
How many paranoids does it take to screw in a light bulb?,Who wants to know?  .... saw this joke in today's ,"type:tradlightbulb,"
How many non-compliant Germans does it take to change a light bulb?,Nein!,"type:tradlightbulb,"
How many art directors does it take to change a lightbulb?,Should it really be a lightbulb?,"type:tradlightbulb,"
How many sociologists does it take to change a light bulb?,"Only one, but the light bulb has to want to change. ","type:tradlightbulb,"
How many surrealist painters does it take to change a lightbulb?,"Fish. I got this from bash.org a long time ago, but I can't find the original post, so have this ","type:tradlightbulb,"
How many ants does it take to screw in a light bulb?,"A light bulb weighs about 50g and a single ant can lift about .2g, so it takes somewhere around 250 ants working together.","type:tradlightbulb,"
How many Police officers does it take to screw in a light bulb?,"None, they are too busy beating the shit out the room for being black.","type:tradlightbulb,"
How many NYPD officers does it take to change a lightbulb?,None. They just beat the room for being black.,"type:tradlightbulb,"
How many hamsters does it take to screw in a lightbulb?,Just two.,"type:tradlightbulb,"
How many downies does it take to screw in a light bulb?,Potatoe ,"type:tradlightbulb,"
How many monastic women does it take to screw in a lightbulb?,None... they live an ascetic lifestyle and prefer to not use electricity.,"type:tradlightbulb,"
How many crackheads does it take to screw in a lightbulb?,Just one more.,"type:tradlightbulb,"
How many cops does it take to beat up a light bulb?,None. That light bulb fell down the stairs.,"type:tradlightbulb,"
How many lead guitarists does it take to change a light bulb?,"100; 1 to do it, and 99 to say ""I could do that.""","type:tradlightbulb,"
How many dubstep fans does it take to change a lightbulb?,Wuh-wuh-wuh-one.,"type:tradlightbulb,"
How many feminists does it take to screw in lightbulb?,"It doesn't matter how many you get, because all they'll do is sit around complaining about how misogynistic the use of the word ""screw"" is.","type:tradlightbulb,"
How many frat guys does it take to change a light bulb?,Four. One to change the bulb and three to make a t-shirt about it.,"type:tradlightbulb,"
How many SEO experts does it take to change a lightbulb?,lightbulbs buy light bulbs neon lights sex porn,"type:tradlightbulb,"
How many Sand People does it take to screw in a lightbulb?,No one knows. They ride single file to hide their numbers. ,"type:tradlightbulb,"
How many teenagers does it take to screw in a light bulb?,"It takes 1 to screw it in, and 99 to tweet about it.","type:tradlightbulb,"
How many pedants does it take to replace a burnt light bulb?,Glass doesn't burn.,"type:tradlightbulb,"
How many cops does it take to change a lightbulb?,none. they just beat it for being  black!,"type:tradlightbulb,"
How many Vietnam vets does it take to change a lightbulb?,"YOU DON'T KNOW, MAN! YOU WEREN'T THERE!","type:tradlightbulb,"
How many Borg does it take to screw in a light bulb?,"Irrelevant, you will be assimilated!","type:tradlightbulb,"
How many Atheists does it take to screw in a lightbulb?,"Two.  One to actually do it, the other to film it so fundamentalists won't claim that God did it.","type:tradlightbulb,"
How many people with alzheimer's does it take to change a lightbulb?,To get to the otherside!,"type:tradlightbulb,"
How many non-humorous people does it take to screw in a lightbulb?,One,"type:tradlightbulb,"
How many countries does it take to screw in a lightbulb?,"Five. Germany to start it, France to try and then give up almost immediately, Italy to start, give up, and try again from the other side, America to finish it and claim credit for the whole thing, and Switzerland to sit in the dark and pretend that nothing happened.","type:tradlightbulb,"
How many black people does it take to change a light bulb?,WRONG! black people don't work you idiot,"type:tradlightbulb,"
How many PETA memebers does it take to change a light bulb?,None. PETA can't change anything.,"type:tradlightbulb,"
How many Freudian analysts does it take to change a lightbulb?,"Two. One to change the lightbulb, and the other to hold the penis -- LADDER. I meant ladder.","type:tradlightbulb,"
How many telemarketers does it take to change a lightbulb?,"Just one, but they have to do it during dinner.","type:tradlightbulb,"
How many Tourette's syndrome sufferers does it take to screw in a lightbulb?,Damn fuck shit screw you dickhead just one asshole twat cocksucker.,"type:tradlightbulb,"
How many skateboarders does it take to screw in a lightbulb?,"Two. One to screw it in and one to film it. One, but it takes him fifty tries.","type:tradlightbulb,"
How many black guys does it take to screw in a lightbulb?,Just one - you fucking bigot.,"type:tradlightbulb,"
How many musos does it take to change a lightbulb?,"It's a pretty obscure number, you've probably never heard of it...","type:tradlightbulb,"
How many Alzheimer's patients does it take to screw in a lightbulb...?,...to get to the other side,"type:tradlightbulb,"
How many performance artists does it take to screw in a light bulb?,"I don't know either, I walked out early too.","type:tradlightbulb,"
How many Russians does it take to screw in a lightbulb?,"Two. One to screw it in, and one to shoot him if he does it wrong.","type:tradlightbulb,"
How many irish men does it take to screw in a lightbulb?,"Two, One to hold the light and, one to drink until the room starts spinning!","type:tradlightbulb,"
How many Tourette's sufferers does it take to screw in a lightbulb?,Fuck you god damn shit cunt just one of us asshole bitch bastard!,"type:tradlightbulb,"
How many teamsters does it take to screw in a lightbulb?,19 . Got a problem with that?,"type:tradlightbulb,"
How many aspiring actresses does it take to screw in a lightbulb?,I don't know - normally they screw in the casting director's hot tub,"type:tradlightbulb,"
How many Chuck Norris' does it take to screw in a light bulb?,"None, no light bulb dare go out in the presence of Chuck Norris. ","type:tradlightbulb,"
How many alternative school kids does it take to screw in a light bulb?,"Just one, but they get extra credits for it","type:tradlightbulb,"
How many Nickelback fans does it take to screw in a light bulb?,.... Trick question! There's no such thing as Nickelback fans. (I will be hated by few),"type:tradlightbulb,"
How many men does it take to screw in a lightbulb?,"None, let the bitch do the ironing in the dark.","type:tradlightbulb,"
How many pirates does it take to screw in a lightbulb in China?,二,"type:tradlightbulb,"
How many defensive coordinators does it take to screw in a light bulb?,Zero. You can't fit a hairless ten-year-old inside a light bulb. ,"type:tradlightbulb,"
How many ADD kids does it take to screw in a lightbulb?,Wanna go ride bikes?,"type:tradlightbulb,"
How many Apes does it take to screw in a light bulb?,Only one... but it takes a shitload of light bulbs.,"type:tradlightbulb,"
Q. How many black people does it take to screw in a lightbulb?,"A. Nobody knows, there's no light.","type:tradlightbulb,"
How many feminist does it take to screw in a light bulb?,"Two. 1 to screw it in, and one to suck my cock.","type:tradlightbulb,"
How many dragon ball Z characters does it take to screw in a lightbulb?,"1, but it takes 6 episodes.","type:tradlightbulb,"
How many Orthodox Rabbis does it take to change a light bulb?,Change?,"type:tradlightbulb,"
How many Vietnam Vets does it take to screw in a light bulb?,"YOU DON'T KNOW, MAN, YOU WEREN'T THERE!!! YOU DON'T KNOW!!!","type:tradlightbulb,"
How many mothers-in-law does it take to change a light bulb?,One. She just holds it up there and waits for the world to revolve around her.,"type:tradlightbulb,"
How many Murdochs does it take to change a lightbulb?,They were unaware the lightbulb was an issue & regret unknowingly paying to change it,"type:tradlightbulb,"
How many members of a particular ethnic minority does it take to change a lightbulb?,Enough to reinforce my negative stereotype about them.,"type:tradlightbulb,"
How many Hipsters does it take to screw in a light bulb?,Some obscure number... you've probably never heard of it.....,"type:tradlightbulb,"
How many Obama-voters does it take to change a lightbulb?,"None.  Obama voters are obviously too lazy to work at anything, so they just HOPE for the lightbulb to CHANGE.","type:tradlightbulb,"
How many Environmentalists does it take to change a light bulb?,"It doesn't matter, they will never change a thing.","type:tradlightbulb,"
How many Psychoanalysts does it take to change a light bulb?,Two. One to change the light bulb and another to hold the penis...I mean ladder.,"type:tradlightbulb,"
How many chicken does it take to screw in a light bulb?,Still counting.  Those darned birds can't seem to cross the road to get over here to screw in the light bulb.,"type:tradlightbulb,"
My Favorite Lightbulb Joke is: How many Iranians does it take to change a lightbulb?,"51, one to change the bulb and 50 more to stand in a circle chanting ""Death To (insert name of your local electricity provider)"". When I lived in Nashville it was NES, in Louisville it was LG&E, now it is Austin Energy. But you get the idea, if not the joke. ","type:tradlightbulb,"
How many Apple Geniuses does it take to change a lightbulb?,"None, we just swap out your whole house","type:tradlightbulb,"
How many PETA members does it take to change light bulb?,"none, PETA can't change anything.","type:tradlightbulb,"
How many Hispanics does it take to change a light bulb..?,Just Juan. ,"type:tradlightbulb,"
How many skaters does it take to change a lightbulb?,"One, but it will take 13 attempts.","type:tradlightbulb,"
How many punks does it take to change a light bulb?,None.  Punks never changed anything.,"type:tradlightbulb,"
How many Norwegians does it take to change a light bulb?,"They don't bother, you can find lutfisk in the dark.","type:tradlightbulb,"
How many Irish folk singers does it take to change a light bulb?,Two. One to change the bulb and one to sing about how grand the old bulb was.,"type:tradlightbulb,"
How many pregnant women does it take to screw in a lightbulb?,Just one.  She holds it while the world revolves around her.,"type:tradlightbulb,"
How Many Hipsters Does it Take to Screw in a Lightbulb?,"You probably wouldn't know, it's some really obscure number...","type:tradlightbulb,"
How many surrealists does it take to change a lightbulb?,Fish.,"type:tradlightbulb,"
Here's a joke just for reddit: How many narwhals does it take to screw in a light bulb?,Bacon,"type:tradlightbulb,"
How many musos does it take to screw in a lightbulb?,It's a pretty obscure number. You probably haven't heard of it.,"type:tradlightbulb,"
